{"cameraMode":{"drawMode":0,"name":"Shaded","section":"Shading Mode"},"sceneLighting":true,"audioPlay":false,"sceneViewState":{"m_AlwaysRefresh":false,"showFog":true,"showSkybox":true,"showFlares":true,"showImageEffects":true,"showParticleSystems":true,"showVisualEffectGraphs":true,"m_FxEnabled":true},"in2DMode":false,"pivot":{"x":3.692641496658325,"y":4.888133525848389,"z":-5.915980815887451},"rotation":{"x":0.1165362074971199,"y":-0.0922335833311081,"z":0.010863561183214188,"w":0.9888412356376648},"size":0.0063760047778487209,"orthographic":false}