{"cameraMode":{"drawMode":0,"name":"Shaded","section":"Shading Mode"},"sceneLighting":true,"audioPlay":false,"sceneViewState":{"m_AlwaysRefresh":false,"showFog":true,"showSkybox":true,"showFlares":true,"showImageEffects":true,"showParticleSystems":true,"showVisualEffectGraphs":true,"m_FxEnabled":true},"in2DMode":false,"pivot":{"x":-3.7541277408599855,"y":1.071534276008606,"z":-5.673707008361816},"rotation":{"x":0.0428963266313076,"y":-0.32088080048561098,"z":0.01454270351678133,"w":0.946043074131012},"size":0.005464721936732531,"orthographic":false}